crim;zn;indus;chas;nox;rm;age;dis;rad;tax;ptratio;b;lstat;medv
632;18;231;0;538;6575;652;409;1;296;153;3969;498;24
2731;0;707;0;469;6421;789;49671;2;242;178;3969;914;216
2729;0;707;0;469;7185;611;49671;2;242;178;39283;403;347
3237;0;218;0;458;6998;458;60622;3;222;187;39463;294;334
6905;0;218;0;458;7147;542;60622;3;222;187;3969;533;362
2985;0;218;0;458;643;587;60622;3;222;187;39412;521;287
8829;125;787;0;524;6012;666;55605;5;311;152;3956;1243;229
14455;125;787;0;524;6172;961;59505;5;311;152;3969;1915;271
21124;125;787;0;524;5631;100;60821;5;311;152;38663;2993;165
17004;125;787;0;524;6004;859;65921;5;311;152;38671;171;189
22489;125;787;0;524;6377;943;63467;5;311;152;39252;2045;15
11747;125;787;0;524;6009;829;62267;5;311;152;3969;1327;189
9378;125;787;0;524;5889;39;54509;5;311;152;3905;1571;217
62976;0;814;0;538;5949;618;47075;4;307;21;3969;826;204
63796;0;814;0;538;6096;845;44619;4;307;21;38002;1026;182
62739;0;814;0;538;5834;565;44986;4;307;21;39562;847;199
105393;0;814;0;538;5935;293;44986;4;307;21;38685;658;231
7842;0;814;0;538;599;817;42579;4;307;21;38675;1467;175
80271;0;814;0;538;5456;366;37965;4;307;21;28899;1169;202
7258;0;814;0;538;5727;695;37965;4;307;21;39095;1128;182
125179;0;814;0;538;557;981;37979;4;307;21;37657;2102;136
85204;0;814;0;538;5965;892;40123;4;307;21;39253;1383;196
123247;0;814;0;538;6142;917;39769;4;307;21;3969;1872;152
98843;0;814;0;538;5813;100;40952;4;307;21;39454;1988;145
75026;0;814;0;538;5924;941;43996;4;307;21;39433;163;156
84054;0;814;0;538;5599;857;44546;4;307;21;30342;1651;139
67191;0;814;0;538;5813;903;4682;4;307;21;37688;1481;166
95577;0;814;0;538;6047;888;44534;4;307;21;30638;1728;148
77299;0;814;0;538;6495;944;44547;4;307;21;38794;128;184
100245;0;814;0;538;6674;873;4239;4;307;21;38023;1198;21
113081;0;814;0;538;5713;941;4233;4;307;21;36017;226;127
135472;0;814;0;538;6072;100;4175;4;307;21;37673;1304;145
138799;0;814;0;538;595;82;399;4;307;21;2326;2771;132
115172;0;814;0;538;5701;95;37872;4;307;21;35877;1835;131
161282;0;814;0;538;6096;969;37598;4;307;21;24831;2034;135
6417;0;596;0;499;5933;682;33603;5;279;192;3969;968;189
9744;0;596;0;499;5841;614;33779;5;279;192;37756;1141;20
8014;0;596;0;499;585;415;39342;5;279;192;3969;877;21
17505;0;596;0;499;5966;302;38473;5;279;192;39343;1013;247
2763;75;295;0;428;6595;218;54011;3;252;183;39563;432;308
3359;75;295;0;428;7024;158;54011;3;252;183;39562;198;349
12744;0;691;0;448;677;29;57209;3;233;179;38541;484;266
1415;0;691;0;448;6169;66;57209;3;233;179;38337;581;253
15936;0;691;0;448;6211;65;57209;3;233;179;39446;744;247
12269;0;691;0;448;6069;40;57209;3;233;179;38939;955;212
17142;0;691;0;448;5682;338;51004;3;233;179;3969;1021;193
18836;0;691;0;448;5786;333;51004;3;233;179;3969;1415;20
22927;0;691;0;448;603;855;56894;3;233;179;39274;188;166
25387;0;691;0;448;5399;953;587;3;233;179;3969;3081;144
21977;0;691;0;448;5602;62;60877;3;233;179;3969;162;194
8873;21;564;0;439;5963;457;68147;4;243;168;39556;1345;197
4337;21;564;0;439;6115;63;68147;4;243;168;39397;943;205
536;21;564;0;439;6511;211;68147;4;243;168;3969;528;25
4981;21;564;0;439;5998;214;68147;4;243;168;3969;843;234
136;75;4;0;41;5888;476;73197;3;469;211;3969;148;189
1311;90;122;0;403;7249;219;86966;5;226;179;39593;481;354
2055;85;74;0;41;6383;357;91876;2;313;173;3969;577;247
1432;100;132;0;411;6816;405;83248;5;256;151;3929;395;316
15445;25;513;0;453;6145;292;78148;8;284;197;39068;686;233
10328;25;513;0;453;5927;472;6932;8;284;197;3969;922;196
14932;25;513;0;453;5741;662;72254;8;284;197;39511;1315;187
17171;25;513;0;453;5966;934;68185;8;284;197;37808;1444;16
11027;25;513;0;453;6456;678;72255;8;284;197;3969;673;222
1265;25;513;0;453;6762;434;79809;8;284;197;39558;95;25
1951;175;138;0;4161;7104;595;92229;3;216;186;39324;805;33
3584;80;337;0;398;629;178;66115;4;337;161;3969;467;235
4379;80;337;0;398;5787;311;66115;4;337;161;3969;1024;194
5789;125;607;0;409;5878;214;6498;4;345;189;39621;81;22
13554;125;607;0;409;5594;368;6498;4;345;189;3969;1309;174
12816;125;607;0;409;5885;33;6498;4;345;189;3969;879;209
8826;0;1081;0;413;6417;66;52873;4;305;192;38373;672;242
15876;0;1081;0;413;5961;175;52873;4;305;192;37694;988;217
9164;0;1081;0;413;6065;78;52873;4;305;192;39091;552;228
19539;0;1081;0;413;6245;62;52873;4;305;192;37717;754;234
7896;0;1283;0;437;6273;6;42515;5;398;187;39492;678;241
9512;0;1283;0;437;6286;45;45026;5;398;187;38323;894;214
10153;0;1283;0;437;6279;745;40522;5;398;187;37366;1197;20
8707;0;1283;0;437;614;458;40905;5;398;187;38696;1027;208
5646;0;1283;0;437;6232;537;50141;5;398;187;3864;1234;212
8387;0;1283;0;437;5874;366;45026;5;398;187;39606;91;203
4113;25;486;0;426;6727;335;54007;4;281;19;3969;529;28
4462;25;486;0;426;6619;704;54007;4;281;19;39563;722;239
3659;25;486;0;426;6302;322;54007;4;281;19;3969;672;248
3551;25;486;0;426;6167;467;54007;4;281;19;39064;751;229
5059;0;449;0;449;6389;48;47794;3;247;185;3969;962;239
5735;0;449;0;449;663;561;44377;3;247;185;3923;653;266
5188;0;449;0;449;6015;451;44272;3;247;185;39599;1286;225
7151;0;449;0;449;6121;568;37476;3;247;185;39515;844;222
566;0;341;0;489;7007;863;34217;2;270;178;3969;55;236
5302;0;341;0;489;7079;631;34145;2;270;178;39606;57;287
4684;0;341;0;489;6417;661;30923;2;270;178;39218;881;226
3932;0;341;0;489;6405;739;30921;2;270;178;39355;82;22
4203;28;1504;0;464;6442;536;36659;4;270;182;39501;816;229
2875;28;1504;0;464;6211;289;36659;4;270;182;39633;621;25
4294;28;1504;0;464;6249;773;3615;4;270;182;3969;1059;206
12204;0;289;0;445;6625;578;34952;2;276;18;35798;665;284
11504;0;289;0;445;6163;696;34952;2;276;18;39183;1134;214
12083;0;289;0;445;8069;76;34952;2;276;18;3969;421;387
8187;0;289;0;445;782;369;34952;2;276;18;39353;357;438
686;0;289;0;445;7416;625;34952;2;276;18;3969;619;332
14866;0;856;0;52;6727;799;27778;5;384;209;39476;942;275
11432;0;856;0;52;6781;713;28561;5;384;209;39558;767;265
22876;0;856;0;52;6405;854;27147;5;384;209;708;1063;186
21161;0;856;0;52;6137;874;27147;5;384;209;39447;1344;193
1396;0;856;0;52;6167;90;2421;5;384;209;39269;1233;201
13262;0;856;0;52;5851;967;21069;5;384;209;39405;1647;195
1712;0;856;0;52;5836;919;2211;5;384;209;39567;1866;195
13117;0;856;0;52;6127;852;21224;5;384;209;38769;1409;204
12802;0;856;0;52;6474;971;24329;5;384;209;39524;1227;198
26363;0;856;0;52;6229;912;25451;5;384;209;39123;1555;194
10793;0;856;0;52;6195;544;27778;5;384;209;39349;13;217
10084;0;1001;0;547;6715;816;26775;6;432;178;39559;1016;228
12329;0;1001;0;547;5913;929;23534;6;432;178;39495;1621;188
22212;0;1001;0;547;6092;954;2548;6;432;178;3969;1709;187
14231;0;1001;0;547;6254;842;22565;6;432;178;38874;1045;185
17134;0;1001;0;547;5928;882;24631;6;432;178;34491;1576;183
13158;0;1001;0;547;6176;725;27301;6;432;178;3933;1204;212
15098;0;1001;0;547;6021;826;27474;6;432;178;39451;103;192
13058;0;1001;0;547;5872;731;24775;6;432;178;33863;1537;204
14476;0;1001;0;547;5731;652;27592;6;432;178;3915;1361;193
6899;0;2565;0;581;587;697;22577;2;188;191;38915;1437;22
7165;0;2565;0;581;6004;841;21974;2;188;191;37767;1427;203
9299;0;2565;0;581;5961;929;20869;2;188;191;37809;1793;205
15038;0;2565;0;581;5856;97;19444;2;188;191;37031;2541;173
9849;0;2565;0;581;5879;958;20063;2;188;191;37938;1758;188
16902;0;2565;0;581;5986;884;19929;2;188;191;38502;1481;214
38735;0;2565;0;581;5613;956;17572;2;188;191;35929;2726;157
25915;0;2189;0;624;5693;96;17883;4;437;212;39211;1719;162
32543;0;2189;0;624;6431;988;18125;4;437;212;3969;1539;18
88125;0;2189;0;624;5637;947;19799;4;437;212;3969;1834;143
34006;0;2189;0;624;6458;989;21185;4;437;212;39504;126;192
119294;0;2189;0;624;6326;977;2271;4;437;212;3969;1226;196
59005;0;2189;0;624;6372;979;23274;4;437;212;38576;1112;23
32982;0;2189;0;624;5822;954;24699;4;437;212;38869;1503;184
97617;0;2189;0;624;5757;984;2346;4;437;212;26276;1731;156
55778;0;2189;0;624;6335;982;21107;4;437;212;39467;1696;181
32264;0;2189;0;624;5942;935;19669;4;437;212;37825;169;174
35233;0;2189;0;624;6454;984;18498;4;437;212;39408;1459;171
2498;0;2189;0;624;5857;982;16686;4;437;212;39204;2132;133
54452;0;2189;0;624;6151;979;16687;4;437;212;3969;1846;178
2909;0;2189;0;624;6174;936;16119;4;437;212;38808;2416;14
162864;0;2189;0;624;5019;100;14394;4;437;212;3969;3441;144
332105;0;1958;1;871;5403;100;13216;5;403;147;3969;2682;134
40974;0;1958;0;871;5468;100;14118;5;403;147;3969;2642;156
277974;0;1958;0;871;4903;978;13459;5;403;147;3969;2929;118
237934;0;1958;0;871;613;100;14191;5;403;147;17291;278;138
215505;0;1958;0;871;5628;100;15166;5;403;147;16927;1665;156
236862;0;1958;0;871;4926;957;14608;5;403;147;39171;2953;146
233099;0;1958;0;871;5186;938;15296;5;403;147;35699;2832;178
273397;0;1958;0;871;5597;949;15257;5;403;147;35185;2145;154
16566;0;1958;0;871;6122;973;1618;5;403;147;3728;141;215
149632;0;1958;0;871;5404;100;15916;5;403;147;3416;1328;196
112658;0;1958;1;871;5012;88;16102;5;403;147;34328;1212;153
214918;0;1958;0;871;5709;985;16232;5;403;147;26195;1579;194
141385;0;1958;1;871;6129;96;17494;5;403;147;32102;1512;17
353501;0;1958;1;871;6152;826;17455;5;403;147;8801;1502;156
244668;0;1958;0;871;5272;94;17364;5;403;147;8863;1614;131
122358;0;1958;0;605;6943;974;18773;5;403;147;36343;459;413
134284;0;1958;0;605;6066;100;17573;5;403;147;35389;643;243
142502;0;1958;0;871;651;100;17659;5;403;147;36431;739;233
127346;0;1958;1;605;625;926;17984;5;403;147;33892;55;27
146336;0;1958;0;605;7489;908;19709;5;403;147;37443;173;50
183377;0;1958;1;605;7802;982;20407;5;403;147;38961;192;50
151902;0;1958;1;605;8375;939;2162;5;403;147;38845;332;50
224236;0;1958;0;605;5854;918;2422;5;403;147;39511;1164;227
2924;0;1958;0;605;6101;93;22834;5;403;147;24016;981;25
201019;0;1958;0;605;7929;962;20459;5;403;147;3693;37;50
180028;0;1958;0;605;5877;792;24259;5;403;147;22761;1214;238
23004;0;1958;0;605;6319;961;21;5;403;147;29709;111;238
244953;0;1958;0;605;6402;952;22625;5;403;147;33004;1132;223
120742;0;1958;0;605;5875;946;24259;5;403;147;29229;1443;174
23139;0;1958;0;605;588;973;23887;5;403;147;34813;1203;191
13914;0;405;0;51;5572;885;25961;5;296;166;3969;1469;231
9178;0;405;0;51;6416;841;26463;5;296;166;3955;904;236
8447;0;405;0;51;5859;687;27019;5;296;166;39323;964;226
6664;0;405;0;51;6546;331;31323;5;296;166;39096;533;294
7022;0;405;0;51;602;472;35549;5;296;166;39323;1011;232
5425;0;405;0;51;6315;734;33175;5;296;166;3956;629;246
6642;0;405;0;51;686;744;29153;5;296;166;39127;692;299
578;0;246;0;488;698;584;2829;3;193;178;3969;504;372
6588;0;246;0;488;7765;833;2741;3;193;178;39556;756;398
6888;0;246;0;488;6144;622;25979;3;193;178;3969;945;362
9103;0;246;0;488;7155;922;27006;3;193;178;39412;482;379
10008;0;246;0;488;6563;956;2847;3;193;178;3969;568;325
8308;0;246;0;488;5604;898;29879;3;193;178;391;1398;264
6047;0;246;0;488;6153;688;32797;3;193;178;38711;1315;296
5602;0;246;0;488;7831;536;31992;3;193;178;39263;445;50
7875;45;344;0;437;6782;411;37886;5;398;152;39387;668;32
12579;45;344;0;437;6556;291;45667;5;398;152;38284;456;298
837;45;344;0;437;7185;389;45667;5;398;152;3969;539;349
9068;45;344;0;437;6951;215;64798;5;398;152;37768;51;37
6911;45;344;0;437;6739;308;64798;5;398;152;38971;469;305
8664;45;344;0;437;7178;263;64798;5;398;152;39049;287;364
2187;60;293;0;401;68;99;62196;1;265;156;39337;503;311
1439;60;293;0;401;6604;188;62196;1;265;156;3767;438;291
1381;80;46;0;422;7875;32;56484;4;255;144;39423;297;50
4011;80;152;0;404;7287;341;7309;2;329;126;3969;408;333
4666;80;152;0;404;7107;366;7309;2;329;126;35431;861;303
3768;80;152;0;404;7274;383;7309;2;329;126;3922;662;346
315;95;147;0;403;6975;153;76534;3;402;17;3969;456;349
1778;95;147;0;403;7135;139;76534;3;402;17;3843;445;329
3445;825;203;0;415;6162;384;627;2;348;147;39377;743;241
2177;825;203;0;415;761;157;627;2;348;147;39538;311;423
351;95;268;0;4161;7853;332;5118;4;224;147;39278;381;485
2009;95;268;0;4161;8034;319;5118;4;224;147;39055;288;50
13642;0;1059;0;489;5891;223;39454;4;277;186;3969;1087;226
22969;0;1059;0;489;6326;525;43549;4;277;186;39487;1097;244
25199;0;1059;0;489;5783;727;43549;4;277;186;38943;1806;225
13587;0;1059;1;489;6064;591;42392;4;277;186;38132;1466;244
43571;0;1059;1;489;5344;100;3875;4;277;186;3969;2309;20
17446;0;1059;1;489;596;921;38771;4;277;186;39325;1727;217
37578;0;1059;1;489;5404;886;3665;4;277;186;39524;2398;193
21719;0;1059;1;489;5807;538;36526;4;277;186;39094;1603;224
14052;0;1059;0;489;6375;323;39454;4;277;186;38581;938;281
28955;0;1059;0;489;5412;98;35875;4;277;186;34893;2955;237
19802;0;1059;0;489;6182;424;39454;4;277;186;39363;947;25
456;0;1389;1;55;5888;56;31121;5;276;164;3928;1351;233
7013;0;1389;0;55;6642;851;34211;5;276;164;39278;969;287
11069;0;1389;1;55;5951;938;28893;5;276;164;3969;1792;215
11425;0;1389;1;55;6373;924;33633;5;276;164;39374;105;23
35809;0;62;1;507;6951;885;28617;8;307;174;3917;971;267
40771;0;62;1;507;6164;913;3048;8;307;174;39524;2146;217
62356;0;62;1;507;6879;777;32721;8;307;174;39039;993;275
6147;0;62;0;507;6618;808;32721;8;307;174;3969;76;301
31533;0;62;0;504;8266;783;28944;8;307;174;38505;414;448
52693;0;62;0;504;8725;83;28944;8;307;174;382;463;50
38214;0;62;0;504;804;865;32157;8;307;174;38738;313;376
41238;0;62;0;504;7163;799;32157;8;307;174;37208;636;316
29819;0;62;0;504;7686;17;33751;8;307;174;37751;392;467
44178;0;62;0;504;6552;214;33751;8;307;174;38034;376;315
537;0;62;0;504;5981;681;36715;8;307;174;37835;1165;243
46296;0;62;0;504;7412;769;36715;8;307;174;37614;525;317
57529;0;62;0;507;8337;733;38384;8;307;174;38591;247;417
33147;0;62;0;507;8247;704;36519;8;307;174;37895;395;483
44791;0;62;1;507;6726;665;36519;8;307;174;3602;805;29
33045;0;62;0;507;6086;615;36519;8;307;174;37675;1088;24
52058;0;62;1;507;6631;765;4148;8;307;174;38845;954;251
51183;0;62;0;507;7358;716;4148;8;307;174;39007;473;315
8244;30;493;0;428;6481;185;61899;6;300;166;37941;636;237
9252;30;493;0;428;6606;422;61899;6;300;166;38378;737;233
11329;30;493;0;428;6897;543;63361;6;300;166;39125;1138;22
10612;30;493;0;428;6095;651;63361;6;300;166;39462;124;201
1029;30;493;0;428;6358;529;70355;6;300;166;37275;1122;222
12757;30;493;0;428;6393;78;70355;6;300;166;37471;519;237
20608;22;586;0;431;5593;765;79549;7;330;191;37249;125;176
19133;22;586;0;431;5605;702;79549;7;330;191;38913;1846;185
33983;22;586;0;431;6108;349;80555;7;330;191;39018;916;243
19657;22;586;0;431;6226;792;80555;7;330;191;37614;1015;205
16439;22;586;0;431;6433;491;78265;7;330;191;37471;952;245
19073;22;586;0;431;6718;175;78265;7;330;191;39374;656;262
1403;22;586;0;431;6487;13;73967;7;330;191;39628;59;244
21409;22;586;0;431;6438;89;73967;7;330;191;37707;359;248
8221;22;586;0;431;6957;68;89067;7;330;191;38609;353;296
36894;22;586;0;431;8259;84;89067;7;330;191;3969;354;428
4819;80;364;0;392;6108;32;92203;1;315;164;39289;657;219
3548;80;364;0;392;5876;191;92203;1;315;164;39518;925;209
1538;90;375;0;394;7454;342;63361;3;244;159;38634;311;44
61154;20;397;0;647;8704;869;1801;5;264;13;3897;512;50
66351;20;397;0;647;7333;100;18946;5;264;13;38329;779;36
65665;20;397;0;647;6842;100;20107;5;264;13;39193;69;301
54011;20;397;0;647;7203;818;21121;5;264;13;3928;959;338
53412;20;397;0;647;752;894;21398;5;264;13;38837;726;431
52014;20;397;0;647;8398;915;22885;5;264;13;38686;591;488
82526;20;397;0;647;7327;945;20788;5;264;13;39342;1125;31
55007;20;397;0;647;7206;916;19301;5;264;13;38789;81;365
76162;20;397;0;647;556;628;19865;5;264;13;3924;1045;228
7857;20;397;0;647;7014;846;21329;5;264;13;38407;1479;307
57834;20;397;0;575;8297;67;24216;5;264;13;38454;744;50
5405;20;397;0;575;747;526;2872;5;264;13;3903;316;435
9065;20;696;1;464;592;615;39175;3;223;186;39134;1365;207
29916;20;696;0;464;5856;421;4429;3;223;186;38865;13;211
16211;20;696;0;464;624;163;4429;3;223;186;3969;659;252
1146;20;696;0;464;6538;587;39175;3;223;186;39496;773;244
22188;20;696;1;464;7691;518;43665;3;223;186;39077;658;352
5644;40;641;1;447;6758;329;40776;4;254;176;3969;353;324
9604;40;641;0;447;6854;428;42673;4;254;176;3969;298;32
10469;40;641;1;447;7267;49;47872;4;254;176;38925;605;332
6127;40;641;1;447;6826;276;48628;4;254;176;39345;416;331
7978;40;641;0;447;6482;321;41403;4;254;176;3969;719;291
21038;20;333;0;4429;6812;322;41007;5;216;149;3969;485;351
3578;20;333;0;4429;782;645;46947;5;216;149;38731;376;454
3705;20;333;0;4429;6968;372;52447;5;216;149;39223;459;354
6129;20;333;1;4429;7645;497;52119;5;216;149;37707;301;46
1501;90;121;1;401;7923;248;5885;1;198;136;39552;316;50
906;90;297;0;4;7088;208;73073;1;285;153;39472;785;322
1096;55;225;0;389;6453;319;73073;1;300;153;39472;823;22
1965;80;176;0;385;623;315;90892;1;241;182;3416;1293;201
3871;525;532;0;405;6209;313;73172;6;293;166;3969;714;232
459;525;532;0;405;6315;456;73172;6;293;166;3969;76;223
4297;525;532;0;405;6565;229;73172;6;293;166;37172;951;248
3502;80;495;0;411;6861;279;51167;4;245;192;3969;333;285
7886;80;495;0;411;7148;277;51167;4;245;192;3969;356;373
3615;80;495;0;411;663;234;51167;4;245;192;3969;47;279
8265;0;1392;0;437;6127;184;55027;4;289;16;3969;858;239
8199;0;1392;0;437;6009;423;55027;4;289;16;3969;104;217
12932;0;1392;0;437;6678;311;59604;4;289;16;3969;627;286
5372;0;1392;0;437;6549;51;59604;4;289;16;39285;739;271
14103;0;1392;0;437;579;58;632;4;289;16;3969;1584;203
6466;70;224;0;4;6345;201;78278;5;358;148;36824;497;225
5561;70;224;0;4;7041;10;78278;5;358;148;37158;474;29
4417;70;224;0;4;6871;474;78278;5;358;148;39086;607;248
3537;34;609;0;433;659;404;54917;7;329;161;39575;95;22
9266;34;609;0;433;6495;184;54917;7;329;161;38361;867;264
1;34;609;0;433;6982;177;54917;7;329;161;39043;486;331
5515;33;218;0;472;7236;411;4022;7;222;184;39368;693;361
5479;33;218;0;472;6616;581;337;7;222;184;39336;893;284
7503;33;218;0;472;742;719;30992;7;222;184;3969;647;334
4932;33;218;0;472;6849;703;31827;7;222;184;3969;753;282
49298;0;99;0;544;6635;825;33175;4;304;184;3969;454;228
3494;0;99;0;544;5972;767;31025;4;304;184;39624;997;203
263548;0;99;0;544;4973;378;25194;4;304;184;35045;1264;161
79041;0;99;0;544;6122;528;26403;4;304;184;3969;598;221
26169;0;99;0;544;6023;904;2834;4;304;184;3963;1172;194
26938;0;99;0;544;6266;828;32628;4;304;184;39339;79;216
3692;0;99;0;544;6567;873;36023;4;304;184;39569;928;238
25356;0;99;0;544;5705;777;3945;4;304;184;39642;115;162
31827;0;99;0;544;5914;832;39986;4;304;184;3907;1833;178
24522;0;99;0;544;5782;717;40317;4;304;184;3969;1594;198
40202;0;99;0;544;6382;672;35325;4;304;184;39521;1036;231
47547;0;99;0;544;6113;588;40019;4;304;184;39623;1273;21
1676;0;738;0;493;6426;523;45404;5;287;196;3969;72;238
18159;0;738;0;493;6376;543;45404;5;287;196;3969;687;231
35114;0;738;0;493;6041;499;47211;5;287;196;3969;77;204
28392;0;738;0;493;5708;743;47211;5;287;196;39113;1174;185
34109;0;738;0;493;6415;401;47211;5;287;196;3969;612;25
19186;0;738;0;493;6431;147;54159;5;287;196;39368;508;246
30347;0;738;0;493;6312;289;54159;5;287;196;3969;615;23
24103;0;738;0;493;6083;437;54159;5;287;196;3969;1279;222
6617;0;324;0;46;5868;258;52146;4;430;169;38244;997;193
6724;0;324;0;46;6333;172;52146;4;430;169;37521;734;226
4544;0;324;0;46;6144;322;58736;4;430;169;36857;909;198
5023;35;606;0;4379;5706;284;66407;1;304;169;39402;1243;171
3466;35;606;0;4379;6031;233;66407;1;304;169;36225;783;194
5083;0;519;0;515;6316;381;64584;5;224;202;38971;568;222
3738;0;519;0;515;631;385;64584;5;224;202;3894;675;207
3961;0;519;0;515;6037;345;59853;5;224;202;3969;801;211
3427;0;519;0;515;5869;463;52311;5;224;202;3969;98;195
3041;0;519;0;515;5895;596;5615;5;224;202;39481;1056;185
3306;0;519;0;515;6059;373;48122;5;224;202;39614;851;206
5497;0;519;0;515;5985;454;48122;5;224;202;3969;974;19
6151;0;519;0;515;5968;585;48122;5;224;202;3969;929;187
1301;35;152;0;442;7241;493;70379;1;284;155;39474;549;327
2498;0;189;0;518;654;597;62669;1;422;159;38996;865;165
2543;55;378;0;484;6696;564;57321;5;370;176;3969;718;239
3049;55;378;0;484;6874;281;64654;5;370;176;38797;461;312
3113;0;439;0;442;6014;485;80136;3;352;188;38564;1053;175
6162;0;439;0;442;5898;523;80136;3;352;188;36461;1267;172
187;85;415;0;429;6516;277;85353;4;351;179;39243;636;231
1501;80;201;0;435;6635;297;8344;4;280;17;39094;599;245
2899;40;125;0;429;6939;345;87921;1;335;197;38985;589;266
6211;40;125;0;429;649;444;87921;1;335;197;3969;598;229
795;60;169;0;411;6579;359;107103;4;411;183;37078;549;241
7244;60;169;0;411;5884;185;107103;4;411;183;39233;779;186
1709;90;202;0;41;6728;361;121265;5;187;17;38446;45;301
4301;80;191;0;413;5663;219;105857;4;334;22;3828;805;182
10659;80;191;0;413;5936;195;105857;4;334;22;37604;557;206
898296;0;181;1;77;6212;974;21222;24;666;202;37773;176;178
38497;0;181;1;77;6395;91;25052;24;666;202;39134;1327;217
520177;0;181;1;77;6127;834;27227;24;666;202;39543;1148;227
426131;0;181;0;77;6112;813;25091;24;666;202;39074;1267;226
454192;0;181;0;77;6398;88;25182;24;666;202;37456;779;25
383684;0;181;0;77;6251;911;22955;24;666;202;35065;1419;199
367822;0;181;0;77;5362;962;21036;24;666;202;38079;1019;208
422239;0;181;1;77;5803;89;19047;24;666;202;35304;1464;168
347428;0;181;1;718;878;829;19047;24;666;202;35455;529;219
455587;0;181;0;718;3561;879;16132;24;666;202;3547;712;275
369695;0;181;0;718;4963;914;17523;24;666;202;31603;14;219
135222;0;181;0;631;3863;100;15106;24;666;202;13142;1333;231
489822;0;181;0;631;497;100;13325;24;666;202;37552;326;50
566998;0;181;1;631;6683;968;13567;24;666;202;37533;373;50
653876;0;181;1;631;7016;975;12024;24;666;202;39205;296;50
92323;0;181;0;631;6216;100;11691;24;666;202;36615;953;50
826725;0;181;1;668;5875;896;11296;24;666;202;34788;888;50
111081;0;181;0;668;4906;100;11742;24;666;202;3969;3477;138
184982;0;181;0;668;4138;100;1137;24;666;202;3969;3797;138
196091;0;181;0;671;7313;979;13163;24;666;202;3969;1344;15
15288;0;181;0;671;6649;933;13449;24;666;202;36302;2324;139
982349;0;181;0;671;6794;988;1358;24;666;202;3969;2124;133
236482;0;181;0;671;638;962;13861;24;666;202;3969;2369;131
178667;0;181;0;671;6223;100;13861;24;666;202;39374;2178;102
889762;0;181;0;671;6968;919;14165;24;666;202;3969;1721;104
158744;0;181;0;671;6545;991;15192;24;666;202;3969;2108;109
918702;0;181;0;7;5536;100;15804;24;666;202;3969;236;113
799248;0;181;0;7;552;100;15331;24;666;202;3969;2456;123
200849;0;181;0;7;4368;912;14395;24;666;202;28583;3063;88
168118;0;181;0;7;5277;981;14261;24;666;202;3969;3081;72
243938;0;181;0;7;4652;100;14672;24;666;202;3969;2828;105
225971;0;181;0;7;5;895;15184;24;666;202;3969;3199;74
143337;0;181;0;7;488;100;15895;24;666;202;37292;3062;102
815174;0;181;0;7;539;989;17281;24;666;202;3969;2085;115
696215;0;181;0;7;5713;97;19265;24;666;202;39443;1711;151
529305;0;181;0;7;6051;825;21678;24;666;202;37838;1876;232
115779;0;181;0;7;5036;97;177;24;666;202;3969;2568;97
864476;0;181;0;693;6193;926;17912;24;666;202;3969;1517;138
133598;0;181;0;693;5887;947;17821;24;666;202;3969;1635;127
871675;0;181;0;693;6471;988;17257;24;666;202;39198;1712;131
587205;0;181;0;693;6405;96;16768;24;666;202;3969;1937;125
767202;0;181;0;693;5747;989;16334;24;666;202;3931;1992;85
383518;0;181;0;693;5453;100;14896;24;666;202;3969;3059;5
991655;0;181;0;693;5852;778;15004;24;666;202;33816;2997;63
250461;0;181;0;693;5987;100;15888;24;666;202;3969;2677;56
142362;0;181;0;693;6343;100;15741;24;666;202;3969;2032;72
959571;0;181;0;693;6404;100;1639;24;666;202;37611;2031;121
248017;0;181;0;693;5349;96;17028;24;666;202;3969;1977;83
415292;0;181;0;693;5531;854;16074;24;666;202;32946;2738;85
679208;0;181;0;693;5683;100;14254;24;666;202;38497;2298;5
207162;0;181;0;659;4138;100;11781;24;666;202;37022;2334;119
119511;0;181;0;659;5608;100;12852;24;666;202;33209;1213;279
740389;0;181;0;597;5617;979;14547;24;666;202;31464;264;172
144383;0;181;0;597;6852;100;14655;24;666;202;17936;1978;275
511358;0;181;0;597;5757;100;1413;24;666;202;26;1011;15
140507;0;181;0;597;6657;100;15275;24;666;202;3505;2122;172
18811;0;181;0;597;4628;100;15539;24;666;202;2879;3437;179
286558;0;181;0;597;5155;100;15894;24;666;202;21097;2008;163
457461;0;181;0;693;4519;100;16582;24;666;202;8827;3698;7
180846;0;181;0;679;6434;100;18347;24;666;202;2725;2905;72
108342;0;181;0;679;6782;908;18195;24;666;202;2157;2579;75
259406;0;181;0;679;5304;891;16475;24;666;202;12736;2664;104
735341;0;181;0;679;5957;100;18026;24;666;202;1645;2062;88
118123;0;181;0;718;6824;765;1794;24;666;202;4845;2274;84
110874;0;181;0;718;6411;100;18589;24;666;202;31875;1502;167
702259;0;181;0;718;6006;953;18746;24;666;202;31998;157;142
120482;0;181;0;614;5648;876;19512;24;666;202;29155;141;208
705042;0;181;0;614;6103;851;20218;24;666;202;252;2329;134
879212;0;181;0;584;5565;706;20635;24;666;202;365;1716;117
158603;0;181;0;679;5896;954;19096;24;666;202;768;2439;83
122472;0;181;0;584;5837;597;19976;24;666;202;2465;1569;102
376619;0;181;0;679;6202;787;18629;24;666;202;1882;1452;109
736711;0;181;0;679;6193;781;19356;24;666;202;9673;2152;11
933889;0;181;0;679;638;956;19682;24;666;202;6072;2408;95
849213;0;181;0;584;6348;861;20527;24;666;202;8345;1764;145
100623;0;181;0;584;6833;943;20882;24;666;202;8133;1969;141
644405;0;181;0;584;6425;748;22004;24;666;202;9795;1203;161
558107;0;181;0;713;6436;879;23158;24;666;202;10019;1622;143
139134;0;181;0;713;6208;95;22222;24;666;202;10063;1517;117
111604;0;181;0;74;6629;946;21247;24;666;202;10985;2327;134
144208;0;181;0;74;6461;933;20026;24;666;202;2749;1805;96
151772;0;181;0;74;6152;100;19142;24;666;202;932;2645;87
136781;0;181;0;74;5935;879;18206;24;666;202;6895;3402;84
939063;0;181;0;74;5627;939;18172;24;666;202;3969;2288;128
220511;0;181;0;74;5818;924;18662;24;666;202;39145;2211;105
972418;0;181;0;74;6406;972;20651;24;666;202;38596;1952;171
566637;0;181;0;74;6219;100;20048;24;666;202;39569;1659;184
996654;0;181;0;74;6485;100;19784;24;666;202;38673;1885;154
128023;0;181;0;74;5854;966;18956;24;666;202;24052;2379;108
106718;0;181;0;74;6459;948;19879;24;666;202;4306;2398;118
628807;0;181;0;74;6341;964;2072;24;666;202;31801;1779;149
992485;0;181;0;74;6251;966;2198;24;666;202;38852;1644;126
932909;0;181;0;713;6185;987;22616;24;666;202;3969;1813;141
752601;0;181;0;713;6417;983;2185;24;666;202;30421;1931;13
671772;0;181;0;713;6749;926;23236;24;666;202;32;1744;134
544114;0;181;0;713;6655;982;23552;24;666;202;35529;1773;152
509017;0;181;0;713;6297;918;23682;24;666;202;38509;1727;161
824809;0;181;0;713;7393;993;24527;24;666;202;37587;1674;178
951363;0;181;0;713;6728;941;24961;24;666;202;668;1871;149
475237;0;181;0;713;6525;865;24358;24;666;202;5092;1813;141
466883;0;181;0;713;5976;879;25806;24;666;202;1048;1901;127
820058;0;181;0;713;5936;803;27792;24;666;202;35;1694;135
775223;0;181;0;713;6301;837;27831;24;666;202;27221;1623;149
680117;0;181;0;713;6081;844;27175;24;666;202;3969;147;20
481213;0;181;0;713;6701;90;25975;24;666;202;25523;1642;164
369311;0;181;0;713;6376;884;25671;24;666;202;39143;1465;177
665492;0;181;0;713;6317;83;27344;24;666;202;3969;1399;195
582115;0;181;0;713;6513;899;28016;24;666;202;39382;1029;202
783932;0;181;0;655;6209;654;29634;24;666;202;3969;1322;214
31636;0;181;0;655;5759;482;30665;24;666;202;3344;1413;199
377498;0;181;0;655;5952;847;28715;24;666;202;2201;1715;19
442228;0;181;0;584;6003;945;25403;24;666;202;33129;2132;191
155757;0;181;0;58;5926;71;29084;24;666;202;36874;1813;191
130751;0;181;0;58;5713;567;28237;24;666;202;3969;1476;201
434879;0;181;0;58;6167;84;30334;24;666;202;3969;1629;199
403841;0;181;0;532;6229;907;30993;24;666;202;39533;1287;196
356868;0;181;0;58;6437;75;28965;24;666;202;39337;1436;232
464689;0;181;0;614;698;676;25329;24;666;202;37468;1166;298
805579;0;181;0;584;5427;954;24298;24;666;202;35258;1814;138
639312;0;181;0;584;6162;974;2206;24;666;202;30276;241;133
487141;0;181;0;614;6484;936;23053;24;666;202;39621;1868;167
150234;0;181;0;614;5304;973;21007;24;666;202;34948;2491;12
10233;0;181;0;614;6185;967;21705;24;666;202;3797;1803;146
143337;0;181;0;614;6229;88;19512;24;666;202;38332;1311;214
582401;0;181;0;532;6242;647;34242;24;666;202;3969;1074;23
570818;0;181;0;532;675;749;33317;24;666;202;39307;774;237
573116;0;181;0;532;7061;77;34106;24;666;202;39528;701;25
281838;0;181;0;532;5762;403;40983;24;666;202;39292;1042;218
237857;0;181;0;583;5871;419;3724;24;666;202;37073;1334;206
367367;0;181;0;583;6312;519;39917;24;666;202;38862;1058;212
569175;0;181;0;583;6114;798;35459;24;666;202;39268;1498;191
483567;0;181;0;583;5905;532;31523;24;666;202;38822;1145;206
15086;0;2774;0;609;5454;927;18209;4;711;201;39509;1806;152
18337;0;2774;0;609;5414;983;17554;4;711;201;34405;2397;7
20746;0;2774;0;609;5093;98;18226;4;711;201;31843;2968;81
10574;0;2774;0;609;5983;988;18681;4;711;201;39011;1807;136
11132;0;2774;0;609;5983;835;21099;4;711;201;3969;1335;201
17331;0;969;0;585;5707;54;23817;6;391;192;3969;1201;218
27957;0;969;0;585;5926;426;23817;6;391;192;3969;1359;245
17899;0;969;0;585;567;288;27986;6;391;192;39329;176;231
2896;0;969;0;585;539;729;27986;6;391;192;3969;2114;197
26838;0;969;0;585;5794;706;28927;6;391;192;3969;141;183
23912;0;969;0;585;6019;653;24091;6;391;192;3969;1292;212
17783;0;969;0;585;5569;735;23999;6;391;192;39577;151;175
22438;0;969;0;585;6027;797;24982;6;391;192;3969;1433;168
6263;0;1193;0;573;6593;691;24786;1;273;21;39199;967;224
4527;0;1193;0;573;612;767;22875;1;273;21;3969;908;206
6076;0;1193;0;573;6976;91;21675;1;273;21;3969;564;239
10959;0;1193;0;573;6794;893;23889;1;273;21;39345;648;22
4741;0;1193;0;573;603;808;2505;1;273;21;3969;788;119
